{
  "eye": {
    "orientation": [
      0.11458058655261993,
      -0.06189249828457832,
      -0.04158477485179901,
      0.9906116127967834
    ],
    "magnitude": 0.5773502588272095,
    "position": [
      -36.65932846069336,
      -58.42637252807617,
      268.4064636230469
    ]
  },
  "paths": [],
  "ortho": true,
  "radius": 160,
  "visualHints": 1
}