{
  "eye": {
    "orientation": [
      -0.9741798043251038,
      0.08421040326356888,
      0.17984187602996826,
      0.10742118209600449
    ],
    "magnitude": 0.5773502588272095,
    "position": [
      -96.33450317382812,
      63.055973052978516,
      -252.07798767089844
    ]
  },
  "paths": [],
  "ortho": true,
  "radius": 160,
  "visualHints": 0
}