{
  "eye": {
    "orientation": [
      0.2564834952354431,
      0.294294536113739,
      -0.00977823231369257,
      0.9206038117408752
    ],
    "magnitude": 0.5773502588272095,
    "position": [
      150.29312133789062,
      -130.32864379882812,
      192.93882751464844
    ]
  },
  "paths": [],
  "ortho": true,
  "radius": 160,
  "visualHints": 0
}